"Thématiques","Critères","Accueil","Postes à pourvoir","Connexion"
"1","1","nc","nc","nc"
"1","2","nt","nt","nt"
"1","3","nc","na","na"
"1","4","nt","nt","nt"
"1","5","na","na","na"
"1","6","na","na","na"
"1","7","na","na","na"
"1","8","nt","nt","nt"
"1","9","nt","nt","nt"
"2","1","nt","nt","nt"
"2","2","nt","nt","nt"
"3","1","c","c","nc"
"3","2","nt","nt","nt"
"3","3","nt","nt","nt"
"4","1","na","na","na"
"4","2","na","na","na"
"4","3","nt","nt","nt"
"4","4","na","na","na"
"4","5","nt","nt","nt"
"4","6","nt","nt","nt"
"4","7","nt","nt","nt"
"4","8","na","na","na"
"4","9","na","na","na"
"4","10","na","na","na"
"4","11","nt","nt","nt"
"4","12","nt","nt","nt"
"4","13","nt","nt","nt"
"5","1","nt","nt","nt"
"5","2","nt","nt","nt"
"5","3","nc","nc","nc"
"5","4","na","na","na"
"5","5","nt","nt","nt"
"5","6","na","na","na"
"5","7","na","na","na"
"5","8","nt","nt","nt"
"6","1","nc","nc","nc"
"6","2","nc","nc","nc"
"7","1","nc","nc","nc"
"7","2","na","nc","na"
"7","3","nc","nc","nc"
"7","4","nt","nt","nt"
"7","5","nt","nt","nt"
"8","1","nt","nt","nt"
"8","2","nc","nc","nc"
"8","3","nc","nc","nc"
"8","4","na","na","na"
"8","5","c","c","c"
"8","6","c","nc","nc"
"8","7","nt","nt","nt"
"8","8","nt","nt","nt"
"8","9","nt","nt","nt"
"8","10","na","na","na"
"9","1","nc","nc","c"
"9","2","nt","nt","nt"
"9","3","nt","nt","nt"
"9","4","nt","nt","nt"
"10","1","nt","nt","nt"
"10","2","c","nc","c"
"10","3","c","nc","c"
"10","4","nt","nt","nt"
"10","5","nt","nt","nt"
"10","6","na","nc","nc"
"10","7","c","c","c"
"10","8","na","na","na"
"10","9","na","na","na"
"10","10","na","na","na"
"10","11","nt","nt","nt"
"10","12","nt","nt","nt"
"10","13","nt","nt","nt"
"10","14","nt","nt","nt"
"11","1","na","nc","nc"
"11","2","na","na","na"
"11","3","nt","nt","nt"
"11","4","nt","nt","nt"
"11","5","na","na","nc"
"11","6","na","na","c"
"11","7","nt","nt","nt"
"11","8","nt","nt","nt"
"11","9","c","c","c"
"11","10","na","na","c"
"11","11","nt","nt","nt"
"11","12","nt","nt","nt"
"11","13","nt","nt","nt"
"12","1","nt","nt","nt"
"12","2","nt","nt","nt"
"12","3","nt","nt","nt"
"12","4","nt","nt","nt"
"12","5","nt","nt","nt"
"12","6","nt","nt","nt"
"12","7","nt","nt","nt"
"12","8","c","nc","c"
"12","9","c","nc","nc"
"12","10","nt","nt","nt"
"12","11","nt","nt","nt"
"13","1","na","na","na"
"13","2","nt","nt","nt"
"13","3","na","na","na"
"13","4","na","na","na"
"13","5","na","na","na"
"13","6","na","na","na"
"13","7","na","na","na"
"13","8","na","na","na"
"13","9","nt","nt","nt"
"13","10","nt","nt","nt"
"13","11","nt","nt","nt"
"13","12","nt","nt","nt"